age,job,marital,education,balance,housing,loan,y
44,admin,single,primary,42817,no,yes,no
23,admin,married,primary,5614,yes,yes,no
48,management,single,tertiary,13060,yes,no,yes
55,technician,single,secondary,24225,no,yes,no
49,technician,divorced,primary,1731,no,yes,no
36,admin,single,secondary,13883,yes,yes,no
54,management,divorced,primary,18785,yes,yes,no
66,services,single,tertiary,19276,yes,yes,yes
60,student,single,primary,33080,no,yes,yes
37,admin,single,secondary,830,yes,yes,no
37,technician,single,secondary,32226,no,yes,yes
25,student,married,tertiary,5907,no,yes,yes
30,student,divorced,primary,49751,no,no,yes
37,services,single,secondary,36649,no,no,no
24,admin,divorced,primary,27490,yes,yes,no
52,services,divorced,primary,9884,no,no,no
62,services,single,secondary,49161,yes,yes,no
63,technician,divorced,tertiary,36473,yes,no,yes
44,management,married,secondary,6471,no,yes,no
37,technician,married,tertiary,19709,no,yes,yes
53,management,married,tertiary,40180,yes,no,yes
39,technician,single,tertiary,48621,no,yes,no
27,student,married,secondary,31674,no,yes,yes
38,services,single,secondary,19697,no,yes,yes
30,technician,married,primary,44420,no,no,no
59,services,single,primary,24051,yes,yes,yes
52,management,divorced,secondary,31758,yes,yes,no
60,technician,single,primary,11181,yes,no,yes
56,management,single,secondary,26173,yes,no,no
49,student,married,tertiary,32115,yes,no,no
59,technician,divorced,tertiary,15230,yes,yes,yes
23,management,divorced,secondary,11234,no,yes,no
66,services,divorced,primary,36013,yes,no,no
23,services,single,tertiary,9000,no,no,yes
62,student,single,tertiary,30998,no,yes,yes
65,student,married,primary,40169,yes,no,no
24,management,married,tertiary,37589,yes,no,yes
58,technician,married,tertiary,22911,yes,no,yes
24,services,single,primary,10548,yes,yes,yes
35,student,married,tertiary,43917,yes,no,no
52,services,married,secondary,48662,no,no,no
40,admin,divorced,primary,4855,yes,yes,no
63,technician,married,tertiary,17051,yes,yes,yes
56,technician,single,primary,45521,no,no,yes
55,student,married,primary,19434,no,no,yes
65,services,divorced,tertiary,27627,yes,yes,no
28,technician,single,tertiary,19810,yes,yes,yes
28,student,divorced,primary,22843,yes,yes,yes
30,student,single,secondary,47733,no,no,yes
37,services,married,primary,43166,yes,yes,yes
33,services,divorced,primary,32689,yes,yes,yes
28,student,divorced,secondary,2484,yes,no,no
54,student,married,primary,1881,yes,yes,no
53,technician,married,tertiary,10106,no,no,yes
45,management,single,primary,35528,no,no,no
55,services,single,tertiary,19638,no,yes,yes
51,student,single,primary,49974,no,no,yes
52,management,divorced,tertiary,2431,yes,yes,no
63,student,single,tertiary,21998,yes,no,yes
27,management,single,secondary,5343,yes,no,no
19,management,married,secondary,7751,yes,yes,no
46,admin,divorced,tertiary,9943,yes,yes,yes
56,technician,married,secondary,175,no,no,no
34,student,single,tertiary,43204,no,yes,no
68,technician,divorced,primary,13400,no,no,yes
51,admin,married,secondary,37222,yes,no,no
45,admin,married,tertiary,39751,yes,yes,yes
38,services,married,secondary,27955,no,no,yes
48,management,married,secondary,30063,yes,no,no
50,services,single,secondary,21699,no,yes,yes
62,technician,single,secondary,36399,yes,yes,yes
27,management,divorced,secondary,15061,no,no,yes
36,management,divorced,secondary,26328,no,yes,no
46,admin,married,secondary,10250,yes,yes,no
59,technician,divorced,secondary,17977,no,no,yes
63,services,divorced,primary,47131,yes,no,yes
30,technician,married,secondary,1370,no,yes,no
57,management,married,tertiary,3370,yes,yes,no
32,services,married,secondary,47100,yes,no,no
18,admin,married,primary,15247,yes,yes,no
55,student,married,primary,43852,no,no,no
61,management,married,primary,26248,yes,yes,no
51,services,divorced,tertiary,35571,yes,no,no
46,student,divorced,secondary,22571,yes,no,yes
70,services,married,secondary,-714,yes,yes,no
68,technician,divorced,secondary,26461,yes,yes,yes
63,services,divorced,secondary,17693,no,no,no
68,management,married,primary,35794,yes,yes,no
38,admin,married,tertiary,43748,yes,no,yes
31,student,single,secondary,28189,yes,yes,yes
33,admin,single,tertiary,38145,no,yes,yes
35,admin,divorced,tertiary,22796,yes,no,yes
18,services,single,secondary,6553,yes,no,no
25,student,married,primary,5984,yes,no,no
28,technician,married,tertiary,9859,yes,no,yes
67,student,married,primary,336,no,yes,no
60,management,married,tertiary,11184,no,no,no
47,admin,married,primary,24209,yes,no,yes
27,admin,single,primary,10349,yes,no,no
66,services,single,primary,20175,no,yes,yes
47,management,divorced,secondary,33025,yes,yes,no
54,student,single,secondary,27502,no,yes,yes
56,services,divorced,secondary,15652,yes,yes,no
21,services,married,secondary,12687,no,yes,yes
35,services,single,secondary,43714,yes,no,no
67,services,married,secondary,14849,no,no,no
34,services,single,primary,43975,yes,yes,yes
34,admin,divorced,secondary,644,yes,yes,yes
36,services,divorced,tertiary,32138,yes,yes,no
33,management,single,tertiary,26954,no,no,no
59,management,married,secondary,9692,no,no,yes
23,management,single,tertiary,20531,no,yes,yes
38,admin,divorced,primary,10493,no,yes,yes
63,management,divorced,secondary,28050,yes,yes,yes
31,services,divorced,primary,16644,no,yes,no
23,admin,married,primary,20096,yes,yes,yes
65,technician,married,primary,17137,yes,no,no
59,technician,single,primary,13566,no,no,yes
37,management,married,primary,41615,yes,yes,yes
30,services,married,tertiary,12955,no,yes,no
55,admin,single,tertiary,26660,no,yes,yes
21,student,divorced,primary,7376,yes,yes,no
44,management,married,tertiary,13798,yes,no,no
60,technician,married,tertiary,41149,no,yes,no
63,admin,divorced,secondary,38369,yes,yes,yes
69,services,divorced,primary,36550,no,yes,no
44,services,single,secondary,37709,yes,no,no
66,technician,married,secondary,41501,yes,no,yes
18,admin,married,primary,32579,yes,no,yes
52,student,married,secondary,45812,yes,no,yes
33,student,married,secondary,8589,no,no,yes
64,services,single,secondary,13517,no,yes,no
40,technician,divorced,secondary,4275,yes,yes,yes
37,admin,single,primary,30639,yes,yes,yes
34,technician,single,tertiary,7199,no,yes,no
65,admin,married,primary,36503,no,yes,yes
23,management,divorced,tertiary,36838,no,no,yes
23,admin,married,secondary,29425,no,no,yes
51,admin,single,primary,16063,no,yes,yes
27,services,single,primary,30877,no,no,yes
28,admin,single,primary,10333,no,no,no
25,student,single,tertiary,-495,no,no,yes
20,admin,married,primary,46642,yes,no,yes
65,management,single,secondary,42478,yes,yes,yes
30,services,single,tertiary,12186,yes,yes,yes
65,management,divorced,tertiary,49716,no,no,yes
28,technician,single,primary,32415,yes,no,no
58,admin,married,primary,30671,yes,yes,no
66,technician,single,primary,40394,no,yes,no
69,technician,divorced,tertiary,19534,no,no,yes
67,services,divorced,tertiary,28894,yes,no,no
59,admin,married,secondary,25912,no,yes,no
35,admin,single,tertiary,17891,no,no,yes
20,admin,married,primary,16781,no,no,no
24,management,married,primary,46085,yes,no,yes
32,technician,divorced,tertiary,29572,yes,yes,no
24,admin,married,tertiary,7998,no,no,yes
62,admin,married,tertiary,7435,no,yes,yes
63,technician,married,tertiary,18330,yes,no,no
63,technician,married,tertiary,1828,yes,yes,yes
63,admin,married,primary,39847,no,no,yes
29,management,divorced,secondary,46406,yes,yes,yes
52,management,divorced,secondary,21361,no,no,yes
68,student,single,primary,27888,yes,yes,yes
41,admin,single,tertiary,25840,no,yes,no
43,student,single,primary,42296,yes,yes,no
44,services,divorced,primary,24832,yes,no,no
18,student,single,tertiary,1828,yes,yes,no
42,student,divorced,secondary,38712,yes,yes,no
68,admin,married,primary,33187,yes,no,yes
52,services,married,primary,19949,yes,no,no
52,admin,divorced,secondary,24914,yes,no,yes
66,services,married,secondary,1474,no,yes,no
53,services,divorced,primary,4519,no,no,no
32,student,married,primary,1997,yes,no,no
18,technician,divorced,primary,28899,no,no,no
32,student,divorced,tertiary,44601,no,no,yes
31,student,single,tertiary,30547,yes,yes,no
23,student,divorced,secondary,5391,no,yes,no
68,admin,divorced,secondary,41177,no,yes,yes
59,services,married,tertiary,45240,yes,no,no
51,management,single,secondary,29296,yes,no,no
65,management,single,tertiary,589,no,yes,no
27,technician,married,primary,-427,yes,yes,no
19,services,married,tertiary,33600,yes,yes,yes
52,student,single,secondary,10390,yes,no,no
42,services,single,secondary,17997,no,no,yes
63,student,divorced,secondary,41766,yes,no,yes
37,admin,single,primary,4412,no,yes,no
57,management,married,tertiary,16683,yes,no,yes
64,management,single,tertiary,23738,yes,no,no
22,management,divorced,primary,44357,no,yes,yes
46,student,single,primary,16065,no,yes,yes
50,technician,married,secondary,15230,no,no,yes
38,management,married,primary,32866,no,no,no
59,admin,married,secondary,7025,yes,yes,yes
49,services,married,primary,42065,no,yes,yes
39,services,single,primary,43593,yes,no,yes
54,management,divorced,primary,25154,yes,yes,yes
35,services,single,secondary,23744,no,no,no
27,management,married,secondary,29087,yes,yes,yes
34,management,single,tertiary,41254,yes,yes,yes
35,student,divorced,secondary,46447,yes,no,no
56,services,married,secondary,27048,yes,yes,no
48,technician,divorced,tertiary,46731,yes,no,no
66,admin,single,primary,49422,no,yes,yes
37,services,single,secondary,15168,yes,no,no
63,admin,married,primary,28202,no,no,no
28,student,married,tertiary,13233,yes,yes,yes
41,admin,divorced,primary,15566,yes,yes,yes
44,management,married,secondary,-189,yes,yes,no
34,technician,divorced,secondary,28377,yes,no,yes
59,management,married,tertiary,15098,yes,no,no
64,technician,married,tertiary,10825,no,no,no
46,services,single,primary,7629,yes,yes,no
22,admin,married,tertiary,46941,yes,no,yes
41,student,married,primary,88,no,yes,no
41,admin,married,tertiary,24242,yes,no,no
66,management,divorced,primary,29199,yes,yes,no
66,management,divorced,primary,31397,no,yes,yes
55,technician,divorced,secondary,981,no,no,no
35,technician,divorced,primary,26494,yes,yes,yes
47,services,single,primary,10624,yes,yes,no
60,management,married,primary,11993,yes,no,no
45,management,single,tertiary,151,no,yes,yes
63,services,divorced,primary,40565,no,yes,yes
28,student,single,secondary,25940,no,no,no
42,technician,divorced,secondary,1796,yes,no,no
34,management,divorced,primary,24071,no,no,no
53,technician,single,secondary,46453,no,no,no
67,services,divorced,primary,23378,yes,no,no
38,student,divorced,tertiary,24918,no,no,yes
19,technician,single,primary,23278,no,yes,no
60,student,single,primary,31421,no,yes,yes
33,management,single,secondary,39091,no,no,yes
69,management,single,primary,874,no,no,no
24,admin,single,primary,28614,no,yes,no
23,student,divorced,secondary,25510,no,no,yes
56,management,married,secondary,8448,yes,yes,yes
69,admin,single,secondary,45684,no,yes,yes
70,student,married,secondary,39762,yes,yes,yes
56,management,married,tertiary,33126,no,no,yes
50,management,married,tertiary,8634,no,no,yes
23,admin,divorced,tertiary,28529,no,yes,yes
55,management,single,tertiary,39281,no,yes,no
59,student,single,tertiary,34609,yes,yes,yes
64,admin,divorced,tertiary,23872,no,no,no
62,management,single,secondary,15922,no,no,yes
26,student,divorced,tertiary,4211,yes,yes,yes
49,services,married,tertiary,29446,yes,yes,no
28,admin,divorced,secondary,27879,yes,no,no
33,technician,married,tertiary,13643,no,no,yes
25,services,divorced,tertiary,36095,no,no,yes
29,services,single,tertiary,17107,yes,no,no
31,services,divorced,tertiary,6392,yes,yes,no
19,technician,single,secondary,34853,no,no,no
47,student,single,primary,37524,yes,yes,no
23,services,single,tertiary,34804,yes,yes,no
68,admin,divorced,tertiary,28019,no,no,yes
45,student,married,primary,49691,yes,no,no
47,technician,married,primary,20846,yes,yes,no
38,technician,single,secondary,29263,no,no,yes
57,admin,married,tertiary,41587,yes,yes,yes
35,admin,divorced,secondary,47216,yes,no,no
41,technician,married,secondary,48407,no,no,yes
18,technician,single,primary,19941,no,no,no
39,student,divorced,primary,9789,no,yes,no
49,student,married,primary,36918,no,yes,no
55,admin,divorced,tertiary,11806,no,no,no
22,technician,single,tertiary,27942,no,no,no
60,management,married,secondary,29359,yes,yes,yes
53,management,married,primary,24555,yes,yes,no
28,admin,single,tertiary,27590,yes,no,no
41,services,divorced,secondary,29382,yes,no,no
64,management,married,tertiary,35897,yes,yes,yes
31,student,single,primary,42992,no,no,yes
25,admin,divorced,secondary,22445,no,no,no
35,admin,divorced,secondary,42408,no,no,no
65,management,married,tertiary,25186,yes,no,yes
20,management,single,primary,3148,no,no,yes
53,management,single,secondary,8221,yes,no,yes
64,technician,married,tertiary,16301,no,yes,yes
19,student,single,tertiary,463,yes,no,no
69,admin,divorced,secondary,20084,no,no,yes
32,management,single,tertiary,8182,yes,no,no
39,student,single,primary,26862,yes,yes,no
22,admin,single,tertiary,14527,yes,no,no
28,technician,divorced,primary,3152,no,yes,no
59,student,married,primary,34710,yes,yes,yes
65,services,married,primary,11275,no,no,yes
31,management,divorced,secondary,22807,yes,yes,no
51,admin,married,primary,43837,yes,no,yes
31,admin,divorced,primary,16633,no,no,no
34,admin,married,primary,18567,no,yes,no
26,management,married,secondary,15428,no,no,no
47,student,married,primary,7305,yes,yes,no
36,student,single,primary,45381,no,yes,yes
37,management,married,primary,10766,no,yes,yes
37,management,married,secondary,13682,yes,yes,no
21,admin,divorced,tertiary,17862,no,no,no
50,management,single,secondary,49381,no,no,yes
26,admin,divorced,tertiary,12179,no,yes,no
27,student,single,tertiary,7741,yes,yes,yes
67,management,single,tertiary,44588,no,yes,no
48,technician,divorced,secondary,-915,yes,no,no
57,management,single,secondary,30072,no,no,no
58,admin,married,tertiary,31917,no,no,yes
28,student,divorced,secondary,13790,no,yes,no
36,management,married,tertiary,2523,yes,no,yes
24,student,single,secondary,20063,no,yes,no
62,admin,single,tertiary,48847,yes,no,no
19,management,single,primary,8219,yes,yes,no
67,admin,divorced,tertiary,10010,no,no,yes
66,management,single,primary,20423,yes,no,yes
48,admin,divorced,primary,5944,no,no,no
39,management,single,tertiary,22569,yes,yes,yes
61,management,married,primary,37050,yes,yes,yes
60,admin,divorced,primary,33874,yes,yes,no
36,management,married,primary,20771,no,no,no
40,services,divorced,primary,36390,no,no,yes
45,management,single,secondary,25716,no,yes,no
28,technician,single,tertiary,49432,no,no,yes
24,student,divorced,tertiary,26667,no,no,yes
56,technician,married,primary,31615,yes,yes,yes
24,management,single,tertiary,23115,no,yes,no
54,services,divorced,secondary,48787,yes,yes,yes
45,services,single,tertiary,45421,no,no,no
53,technician,single,primary,23454,no,no,yes
41,services,married,secondary,10580,yes,no,yes
30,management,married,primary,4840,no,yes,yes
28,management,divorced,tertiary,2429,no,yes,no
26,management,divorced,primary,15687,yes,no,yes
61,technician,single,primary,23616,no,yes,yes
25,admin,single,tertiary,42586,yes,no,yes
34,student,single,tertiary,5281,no,yes,yes
22,management,single,secondary,28916,yes,no,no
51,student,married,primary,20575,yes,yes,no
68,admin,married,tertiary,20722,no,yes,no
24,services,married,primary,17340,yes,no,no
31,management,married,tertiary,44157,no,yes,no
28,student,single,secondary,24782,no,no,yes
19,services,married,secondary,28512,no,no,yes
59,services,single,primary,32573,no,no,yes
40,management,single,primary,40782,no,no,no
59,technician,married,tertiary,18214,yes,no,no
35,management,divorced,tertiary,15134,no,no,yes
43,services,single,secondary,727,no,yes,yes
23,services,divorced,primary,31860,yes,no,no
35,student,single,tertiary,43312,no,yes,no
54,services,single,primary,39744,no,no,yes
52,technician,single,secondary,38786,no,no,no
36,admin,single,tertiary,26971,yes,no,yes
65,management,single,primary,33569,yes,no,no
53,technician,divorced,secondary,6998,yes,yes,no
39,services,single,tertiary,16311,yes,yes,yes
67,technician,married,tertiary,25973,yes,yes,no
57,management,married,primary,27861,no,no,yes
57,student,single,tertiary,44596,yes,yes,yes
28,student,married,primary,18426,yes,no,no
62,services,single,primary,30867,yes,yes,no
23,technician,divorced,primary,47416,yes,no,no
42,technician,married,primary,20256,yes,no,yes
27,technician,single,secondary,25034,no,no,yes
40,management,divorced,tertiary,43692,no,yes,yes
50,technician,single,secondary,45800,no,no,no
56,technician,married,tertiary,1422,yes,no,yes
60,technician,divorced,primary,11405,yes,yes,no
41,management,married,tertiary,3553,yes,yes,yes
36,student,single,primary,10523,yes,no,yes
34,management,single,secondary,17042,no,no,no
19,admin,single,secondary,32791,no,yes,yes
29,services,divorced,primary,10633,no,yes,yes
39,management,divorced,primary,7684,yes,yes,no
51,services,married,primary,24154,yes,no,yes
56,technician,single,primary,8146,no,yes,no
55,admin,single,primary,17409,no,yes,yes
67,admin,married,primary,21452,yes,no,no
34,technician,single,secondary,1059,no,no,yes
67,admin,divorced,primary,8526,yes,yes,no
53,admin,divorced,secondary,-23,yes,yes,no
43,services,married,primary,21597,no,no,yes
44,technician,single,primary,48460,no,no,no
68,technician,single,primary,8630,yes,no,yes
24,services,divorced,tertiary,3553,yes,no,no
34,student,single,secondary,31999,no,no,no
25,student,single,tertiary,17297,no,yes,no
28,technician,married,tertiary,25902,no,yes,yes
54,services,divorced,tertiary,10451,yes,yes,no
39,student,divorced,secondary,26676,yes,no,yes
64,services,married,primary,36659,no,yes,no
59,admin,married,secondary,8133,no,yes,yes
69,management,married,tertiary,584,no,yes,yes
39,student,single,tertiary,8840,no,yes,yes
53,admin,divorced,tertiary,49275,no,yes,no
37,management,married,secondary,39613,yes,no,no
60,services,married,secondary,48185,yes,no,yes
48,technician,single,tertiary,36980,no,no,yes
41,management,divorced,secondary,26446,no,yes,yes
66,services,divorced,primary,15036,no,no,yes
52,management,single,primary,16626,yes,yes,yes
35,services,single,primary,44122,yes,yes,no
34,student,single,primary,19945,yes,no,yes
61,management,married,primary,22848,yes,no,yes
40,technician,married,secondary,17795,no,yes,no
30,technician,divorced,tertiary,42744,no,no,no
38,technician,single,secondary,15166,no,yes,yes
31,management,single,secondary,30440,no,yes,yes
56,management,single,primary,33097,no,no,yes
29,student,single,secondary,32135,no,yes,yes
68,services,divorced,secondary,17408,yes,yes,yes
36,student,married,secondary,36315,yes,yes,no
42,admin,divorced,secondary,14205,no,yes,no
35,student,divorced,tertiary,4804,yes,no,no
68,technician,married,secondary,37634,yes,yes,no
48,student,divorced,tertiary,48097,yes,yes,no
28,student,married,primary,-546,no,no,yes
30,student,single,tertiary,47863,no,yes,yes
62,student,single,primary,15102,yes,no,yes
34,management,married,secondary,40978,no,no,yes
55,technician,married,primary,7307,yes,yes,yes
37,student,married,secondary,6606,no,yes,yes
50,management,single,tertiary,37850,yes,yes,no
40,services,single,tertiary,10545,no,no,no
66,management,single,primary,45588,yes,yes,yes
44,student,married,tertiary,42457,yes,no,no
37,admin,single,tertiary,7218,no,yes,yes
40,management,married,tertiary,30956,no,no,yes
54,student,married,tertiary,48744,yes,yes,yes
26,services,divorced,primary,49428,no,yes,yes
23,management,single,primary,9724,no,no,yes
21,technician,single,primary,37673,no,no,no
37,technician,married,tertiary,42496,yes,yes,yes
38,admin,divorced,secondary,4520,yes,no,no
61,services,divorced,secondary,22038,no,yes,no
63,technician,single,secondary,42920,no,yes,yes
70,services,divorced,secondary,30191,no,yes,yes
53,student,married,secondary,40317,no,yes,yes
39,management,married,secondary,32700,yes,yes,yes
24,student,married,primary,16886,no,no,no
66,management,divorced,tertiary,19170,yes,no,yes
37,management,married,secondary,34244,yes,no,no
31,technician,single,tertiary,7132,no,no,no
34,admin,married,tertiary,38297,no,no,yes
69,student,divorced,tertiary,29463,no,yes,no
25,services,divorced,tertiary,15006,no,yes,no
25,student,divorced,primary,25678,no,no,yes
69,admin,divorced,secondary,1076,no,yes,yes
69,student,divorced,secondary,15788,yes,yes,yes
62,admin,married,tertiary,12700,no,no,yes
47,admin,single,primary,46454,no,no,yes
51,technician,single,secondary,36280,yes,yes,yes
48,student,divorced,primary,40061,no,yes,no
46,technician,divorced,primary,2308,no,yes,yes
31,technician,divorced,primary,13585,yes,no,yes
45,management,married,primary,23601,yes,no,yes
22,services,single,primary,42837,yes,yes,no
55,management,single,secondary,35947,yes,yes,yes
65,student,divorced,tertiary,26562,yes,no,yes
40,admin,divorced,tertiary,6239,yes,no,no
40,admin,single,primary,36500,yes,no,no
32,admin,single,primary,15538,yes,yes,yes
60,services,married,primary,38602,no,yes,no
19,management,divorced,tertiary,14804,no,yes,no
18,services,divorced,primary,6872,yes,no,no
18,admin,divorced,tertiary,31611,yes,yes,no
42,student,single,tertiary,33961,no,no,no
52,technician,married,secondary,37411,yes,yes,yes
58,technician,single,primary,25727,yes,no,yes
33,student,single,tertiary,35267,no,no,yes
56,management,single,secondary,30802,no,yes,yes
37,technician,divorced,tertiary,45351,no,no,yes
45,student,single,tertiary,31734,yes,yes,no
28,management,single,secondary,14113,no,no,no
40,technician,married,tertiary,48186,yes,no,no
49,admin,married,primary,24918,no,no,yes
32,student,divorced,primary,48406,no,yes,yes
63,services,single,primary,6385,yes,no,no
49,student,married,secondary,29059,no,yes,no
21,management,single,primary,22447,no,yes,no
70,services,single,primary,14413,no,no,no
45,admin,single,primary,19442,no,no,no
22,technician,single,secondary,36916,no,yes,no
65,management,divorced,primary,27331,no,yes,no
29,services,single,secondary,1167,yes,no,yes
28,technician,single,secondary,28099,no,yes,yes
69,student,divorced,secondary,19970,yes,no,yes
48,management,divorced,tertiary,1041,yes,yes,no
19,admin,married,secondary,2776,yes,no,yes
18,technician,married,secondary,24480,yes,yes,no
67,student,divorced,tertiary,42853,no,no,yes
66,technician,married,tertiary,15077,yes,no,yes
31,services,single,primary,21703,yes,yes,no
35,admin,divorced,secondary,28134,no,yes,yes
64,services,divorced,primary,23025,no,yes,yes
57,management,single,secondary,-327,yes,no,yes
46,services,single,secondary,13806,yes,no,yes
60,management,divorced,secondary,34583,yes,no,yes
56,management,divorced,primary,3389,yes,no,no
57,student,divorced,secondary,46078,no,yes,yes
26,admin,divorced,secondary,31806,yes,yes,no
42,management,single,tertiary,6906,yes,yes,no
38,services,single,tertiary,35967,no,yes,yes
64,management,divorced,tertiary,46007,no,no,yes
52,student,divorced,primary,44348,yes,yes,yes
30,management,married,secondary,22925,yes,no,no
27,technician,married,primary,30589,yes,no,no
69,services,divorced,tertiary,30066,no,yes,no
27,student,divorced,tertiary,17479,no,no,yes
58,student,married,primary,44808,no,no,no
38,technician,single,tertiary,12461,no,yes,no
41,management,divorced,tertiary,45323,yes,yes,no
31,technician,married,secondary,15880,no,no,no
23,technician,divorced,primary,48413,no,no,yes
66,admin,single,tertiary,14689,no,no,no
44,student,married,primary,18650,yes,yes,yes
34,admin,married,secondary,16825,yes,yes,no
69,services,divorced,primary,32129,no,yes,no
52,admin,married,primary,12661,no,no,yes
31,admin,divorced,primary,3479,yes,yes,yes
61,services,divorced,secondary,9791,yes,yes,yes
42,technician,divorced,primary,32556,yes,yes,no
54,student,divorced,primary,18781,no,no,no
49,admin,married,primary,9927,yes,yes,yes
40,student,divorced,secondary,16717,yes,yes,yes
63,services,divorced,tertiary,17719,no,no,no
54,technician,married,secondary,30775,no,no,no
54,student,single,primary,23221,yes,yes,yes
23,management,divorced,secondary,44765,no,no,yes
34,student,married,primary,47236,no,no,yes
37,services,married,tertiary,30354,no,no,no
36,technician,divorced,primary,23940,yes,no,yes
32,student,married,primary,47377,no,yes,no
67,services,single,primary,15274,no,yes,yes
34,technician,divorced,primary,37131,yes,no,no
26,services,single,tertiary,40785,no,no,no
25,admin,married,tertiary,24990,yes,yes,yes
45,student,single,tertiary,25645,no,yes,no
70,services,single,tertiary,47022,yes,no,no
66,management,married,primary,25598,no,no,no
50,admin,single,primary,15230,yes,no,no
25,services,divorced,primary,17277,no,yes,no
38,student,married,primary,11703,yes,yes,yes
46,management,divorced,tertiary,5834,yes,yes,yes
27,services,married,tertiary,2854,no,no,no
65,management,divorced,primary,49338,yes,no,no
58,student,divorced,primary,36754,yes,yes,yes
56,management,divorced,tertiary,49434,yes,yes,no
50,admin,divorced,tertiary,-749,yes,yes,no
18,management,single,secondary,17975,no,yes,no
27,admin,married,primary,8016,no,no,no
43,management,divorced,tertiary,46065,yes,yes,no
46,management,divorced,secondary,14132,no,no,yes
56,student,married,tertiary,24221,no,no,no
57,management,divorced,primary,40665,no,no,no
43,technician,married,secondary,42008,no,yes,yes
63,student,divorced,primary,33085,no,no,no
50,management,divorced,tertiary,4601,no,no,no
60,admin,divorced,tertiary,29385,no,yes,yes
46,admin,single,secondary,27639,yes,yes,no
61,management,single,secondary,18012,yes,yes,no
68,admin,married,tertiary,7376,yes,no,no
50,student,single,secondary,40287,yes,yes,no
30,student,married,secondary,9535,no,yes,yes
21,technician,single,secondary,23727,yes,no,no
22,management,single,primary,28935,no,yes,no
49,student,married,secondary,37380,no,no,yes
30,technician,divorced,tertiary,7500,yes,yes,no
52,admin,divorced,primary,13024,yes,no,no
21,student,divorced,secondary,42533,yes,yes,no
29,services,single,tertiary,16248,yes,no,yes
49,technician,single,primary,46425,no,yes,no
22,student,single,tertiary,29378,no,no,no
42,admin,married,secondary,32676,no,no,yes
55,services,single,secondary,4474,yes,no,no
41,services,single,secondary,16716,yes,no,yes
54,services,divorced,secondary,28652,no,yes,no
54,technician,single,tertiary,37290,no,no,yes
58,student,married,tertiary,23085,no,yes,yes
39,management,divorced,tertiary,9590,no,yes,no
21,student,single,primary,20309,yes,no,no
59,services,married,primary,1297,yes,yes,yes
23,services,divorced,secondary,32590,yes,yes,yes
34,admin,single,primary,40380,yes,yes,yes
45,technician,single,secondary,405,no,no,no
59,admin,married,primary,43806,yes,yes,yes
52,services,married,tertiary,33943,no,no,no
38,technician,single,tertiary,5688,no,yes,yes
69,admin,divorced,tertiary,-65,yes,yes,yes
57,services,divorced,tertiary,29654,yes,yes,yes
45,admin,married,tertiary,9231,yes,yes,yes
47,technician,single,secondary,27640,no,no,no
28,admin,single,secondary,27707,yes,yes,no
23,management,married,primary,35165,yes,yes,no
69,technician,married,tertiary,47977,no,yes,no
49,admin,married,secondary,13357,no,yes,yes
33,management,married,secondary,36949,no,no,yes
42,services,divorced,secondary,40602,no,no,yes
51,student,single,primary,-176,yes,no,yes
18,management,single,primary,49979,yes,yes,yes
38,technician,married,tertiary,25043,yes,no,no
23,technician,married,tertiary,1656,no,yes,yes
47,management,single,tertiary,29575,yes,yes,yes
26,management,married,secondary,16644,no,yes,no
68,services,single,tertiary,16281,yes,no,yes
32,student,married,primary,16620,no,yes,yes
22,admin,single,tertiary,22253,yes,yes,yes
19,management,divorced,primary,28819,yes,no,no
47,services,single,secondary,46245,no,no,yes
32,technician,married,primary,9843,no,yes,no
69,admin,married,tertiary,18246,yes,yes,yes
66,management,divorced,tertiary,43506,yes,yes,yes
43,student,married,tertiary,35049,no,no,no
27,services,divorced,tertiary,34634,yes,yes,no
43,student,married,primary,5904,no,yes,yes
43,admin,single,tertiary,38342,yes,no,yes
56,student,divorced,primary,26551,yes,yes,no
63,management,single,primary,17456,yes,no,no
57,student,divorced,tertiary,10134,no,yes,no
35,management,single,tertiary,4053,yes,no,yes
63,admin,married,primary,9051,no,yes,no
25,student,divorced,primary,2030,yes,yes,yes
51,services,married,secondary,35663,yes,yes,no
36,services,married,primary,42605,yes,yes,no
32,student,married,tertiary,19694,yes,no,no
19,technician,single,primary,8381,no,yes,yes
35,management,divorced,primary,19847,yes,no,yes
39,services,single,secondary,39546,no,no,yes
68,admin,divorced,tertiary,47009,no,no,no
54,services,single,tertiary,1925,yes,no,yes
56,services,married,secondary,11580,yes,no,no
49,technician,divorced,tertiary,38956,yes,yes,no
41,management,married,tertiary,46318,no,no,no
28,services,single,tertiary,40290,yes,no,no
61,services,single,tertiary,30700,no,no,no
46,admin,married,tertiary,21963,no,no,no
25,management,divorced,primary,6339,yes,yes,no
32,admin,divorced,primary,13819,no,yes,no
24,admin,single,primary,45925,no,no,no
51,services,divorced,primary,37429,yes,yes,yes
63,technician,single,secondary,46474,yes,yes,yes
67,student,single,tertiary,28049,no,no,no
22,admin,divorced,secondary,45768,yes,no,no
56,services,single,primary,36114,yes,no,no
69,management,married,secondary,2704,yes,no,no
55,student,single,tertiary,15941,yes,no,no
30,student,divorced,primary,21242,yes,yes,no
52,admin,divorced,secondary,11318,no,no,no
55,student,single,tertiary,27059,yes,yes,no
62,services,married,primary,19067,no,no,yes
33,technician,married,secondary,25653,no,no,no
43,management,married,tertiary,33875,yes,no,no
48,admin,single,tertiary,43218,yes,yes,yes
40,management,single,tertiary,38201,yes,yes,yes
33,admin,married,secondary,29633,yes,yes,yes
57,technician,married,primary,8100,yes,yes,yes
21,admin,divorced,primary,34828,no,yes,no
34,management,married,primary,38850,no,no,no
20,admin,married,secondary,38047,yes,no,no
36,admin,single,secondary,42156,yes,yes,no
20,services,divorced,secondary,8980,yes,yes,yes
55,management,married,tertiary,36064,no,yes,no
45,management,single,primary,1973,yes,yes,no
43,admin,divorced,secondary,26807,no,no,yes
34,student,divorced,secondary,14559,yes,yes,yes
49,management,single,tertiary,37653,yes,no,no
63,admin,single,tertiary,19450,no,no,no
61,student,single,secondary,4820,no,no,yes
36,services,single,tertiary,47499,yes,no,no
69,admin,married,secondary,26129,no,yes,no
67,services,single,secondary,26533,yes,no,yes
33,student,divorced,primary,32077,no,yes,yes
63,technician,divorced,secondary,16420,yes,no,no
40,services,married,tertiary,21821,no,no,no
27,management,divorced,primary,4406,yes,no,yes
40,management,divorced,tertiary,5451,no,no,yes
46,management,divorced,secondary,37913,yes,yes,yes
27,services,married,primary,33768,no,yes,yes
44,management,single,tertiary,9959,no,no,no
33,services,single,primary,31567,yes,no,yes
59,management,single,primary,16480,no,no,no
56,services,divorced,primary,28347,no,no,yes
68,services,divorced,primary,32781,yes,yes,yes
44,services,single,tertiary,43153,no,yes,no
20,student,married,secondary,2393,yes,no,no
50,services,married,secondary,3542,yes,no,no
53,services,divorced,secondary,13363,yes,no,no
67,management,divorced,secondary,33750,yes,no,yes
62,services,divorced,tertiary,11266,no,no,yes
36,services,married,secondary,39140,no,yes,yes
54,student,divorced,tertiary,12084,yes,yes,no
40,technician,single,secondary,2847,no,no,no
58,technician,married,secondary,46784,yes,yes,no
68,student,married,primary,28757,yes,no,no
54,management,divorced,secondary,7099,no,yes,no
33,admin,divorced,tertiary,40850,no,yes,yes
31,admin,single,primary,17845,no,yes,no
62,admin,married,tertiary,44466,yes,yes,no
39,management,single,tertiary,6224,yes,yes,yes
23,technician,married,secondary,17277,no,yes,yes
68,admin,married,primary,29719,yes,yes,yes
19,admin,divorced,primary,6286,yes,yes,yes
55,admin,single,primary,1201,no,yes,yes
54,student,single,tertiary,11930,no,yes,no
34,admin,divorced,tertiary,16877,no,no,no
26,admin,divorced,primary,5813,no,yes,no
23,student,divorced,tertiary,6272,yes,yes,yes
60,technician,married,primary,20224,no,yes,yes
41,technician,married,primary,26473,no,no,yes
60,admin,divorced,secondary,36254,yes,no,no
39,technician,married,tertiary,49499,yes,yes,no
34,technician,divorced,secondary,38538,no,yes,no
22,admin,single,secondary,8033,no,yes,yes
43,management,single,secondary,24293,no,no,no
40,technician,single,primary,31961,no,no,yes
37,services,married,secondary,42922,no,yes,yes
21,technician,divorced,tertiary,33105,yes,no,no
53,services,single,primary,38300,yes,no,yes
25,student,divorced,secondary,16713,no,no,no
56,admin,divorced,primary,6550,no,yes,yes
33,admin,married,tertiary,6321,no,no,yes
22,management,married,primary,7977,no,no,no
67,student,divorced,primary,28712,no,yes,no
32,management,divorced,secondary,2467,no,yes,yes
70,admin,divorced,tertiary,18375,yes,yes,no
66,services,single,primary,24427,yes,no,no
19,technician,married,primary,20988,no,yes,yes
54,services,married,secondary,30680,no,yes,yes
60,management,divorced,primary,16544,yes,yes,no
27,services,single,tertiary,9293,no,yes,no
41,services,married,tertiary,18234,yes,no,yes
21,student,divorced,tertiary,24680,yes,yes,no
47,management,married,secondary,37525,yes,no,no
56,services,single,tertiary,35948,yes,yes,yes
34,technician,single,secondary,21713,yes,yes,yes
59,technician,divorced,primary,40188,yes,no,no
63,management,married,secondary,4051,no,no,yes
47,services,single,tertiary,2139,no,no,yes
20,student,divorced,primary,3663,yes,no,yes
48,admin,divorced,tertiary,8837,yes,yes,yes
41,admin,married,secondary,31206,no,no,no
23,admin,divorced,secondary,47731,no,no,no
45,technician,divorced,primary,11263,no,no,yes
25,services,married,secondary,20427,no,yes,no
41,student,single,tertiary,6586,no,no,yes
47,student,divorced,primary,49391,yes,yes,yes
35,services,married,secondary,43859,yes,no,yes
21,technician,single,secondary,45860,yes,yes,no
64,services,divorced,tertiary,35979,yes,no,yes
43,student,divorced,secondary,32064,yes,yes,yes
44,admin,single,primary,3242,yes,yes,yes
36,services,divorced,secondary,26482,yes,yes,no
59,admin,divorced,primary,6918,no,yes,yes
31,technician,divorced,secondary,44159,no,yes,yes
54,technician,married,primary,28421,no,no,no
57,management,single,secondary,40949,no,no,no
25,admin,divorced,secondary,8519,yes,no,no
38,admin,divorced,secondary,31887,no,no,yes
47,services,divorced,primary,44865,yes,no,no
29,technician,single,primary,30952,no,yes,yes
24,admin,married,primary,28235,no,yes,yes
37,student,married,primary,45663,yes,no,yes
23,admin,married,secondary,13885,yes,no,no
33,admin,divorced,secondary,23109,no,no,no
60,services,single,secondary,23446,yes,yes,no
37,management,divorced,secondary,6301,no,no,yes
68,technician,married,secondary,47164,no,yes,yes
70,services,married,tertiary,30126,no,no,yes
60,services,married,tertiary,20338,yes,yes,yes
43,student,single,secondary,34890,no,yes,no
46,student,divorced,secondary,28408,no,yes,yes
32,admin,divorced,primary,6860,no,yes,yes
20,management,divorced,secondary,31095,yes,yes,yes
51,student,single,secondary,4318,no,no,no
18,admin,divorced,tertiary,8461,yes,yes,no
37,technician,married,primary,3143,no,no,yes
47,services,divorced,secondary,3398,yes,no,no
31,admin,single,tertiary,16207,no,yes,no
22,technician,single,primary,37595,yes,yes,no
45,student,divorced,secondary,24970,no,yes,yes
28,technician,single,tertiary,27228,yes,no,no
30,technician,married,secondary,45930,yes,yes,yes
21,services,married,tertiary,-299,no,yes,yes
31,student,single,tertiary,27130,yes,no,no
31,admin,single,secondary,22423,no,no,yes
61,technician,divorced,secondary,11943,yes,no,yes
26,services,single,tertiary,7255,yes,no,yes
47,admin,married,primary,2735,yes,no,yes
55,services,divorced,primary,-352,yes,yes,no
63,student,single,tertiary,20421,yes,yes,yes
39,management,single,secondary,1080,yes,no,no
54,student,divorced,primary,5741,yes,no,no
62,technician,divorced,secondary,27092,no,yes,yes
22,admin,divorced,secondary,25463,yes,no,no
65,management,married,primary,6256,yes,no,yes
20,technician,single,primary,10691,yes,no,no
30,student,married,primary,32103,yes,yes,yes
50,student,divorced,primary,-969,no,yes,yes
22,technician,married,tertiary,27832,yes,no,yes
26,technician,married,primary,41279,no,yes,no
60,services,married,primary,30688,yes,no,yes
26,management,divorced,tertiary,7520,no,no,no
67,services,married,primary,19002,yes,no,no
28,technician,divorced,tertiary,31458,yes,no,no
55,services,married,primary,42695,yes,no,no
29,services,married,secondary,5148,no,yes,no
54,services,married,primary,45327,yes,no,yes
68,admin,married,secondary,47101,yes,yes,no
26,services,divorced,tertiary,20758,yes,yes,no
62,student,married,tertiary,6237,no,yes,no
52,student,divorced,secondary,43197,no,no,no
55,technician,divorced,secondary,39777,no,yes,no
61,services,divorced,tertiary,9518,yes,yes,yes
20,student,divorced,primary,15806,yes,yes,no
58,technician,married,tertiary,22220,no,no,no
37,admin,divorced,secondary,10246,yes,yes,yes
70,student,single,tertiary,43695,yes,no,no
67,student,single,primary,4374,yes,yes,no
46,admin,married,primary,48357,no,no,yes
70,student,divorced,tertiary,13474,yes,yes,yes
51,services,divorced,secondary,37193,yes,no,no
53,services,married,primary,36690,yes,yes,yes
60,technician,single,tertiary,31103,no,no,yes
41,student,married,secondary,45131,yes,no,yes
27,management,single,primary,11374,yes,yes,no
40,admin,divorced,primary,29858,no,no,yes
47,technician,single,primary,39798,yes,no,no
42,technician,single,tertiary,15160,no,yes,yes
43,services,single,tertiary,5108,no,yes,yes
23,services,married,primary,156,no,no,no
40,technician,single,primary,6515,yes,no,no
62,management,married,primary,14115,no,yes,yes
69,student,single,tertiary,13345,no,no,no
28,management,divorced,tertiary,15953,yes,yes,yes
28,management,married,tertiary,37132,yes,yes,yes
24,technician,single,secondary,46841,yes,yes,no
59,technician,married,primary,44326,yes,yes,no
64,technician,divorced,tertiary,23812,yes,no,no
65,services,single,secondary,16273,no,no,yes
36,services,divorced,secondary,46233,no,no,yes
59,management,divorced,secondary,15731,yes,yes,no
64,student,single,primary,13805,no,no,no
66,management,divorced,primary,38694,no,no,no
70,technician,divorced,tertiary,2683,no,no,no
42,management,married,secondary,8165,no,no,no
34,services,divorced,primary,48609,yes,no,no
44,admin,single,tertiary,1417,yes,no,no
64,student,married,primary,8718,yes,no,no
62,management,single,tertiary,20886,no,no,yes
42,admin,single,tertiary,12984,yes,no,no
67,technician,married,primary,-617,yes,no,yes
69,technician,married,tertiary,25843,yes,no,no
34,admin,divorced,primary,5357,no,yes,yes
24,student,married,secondary,16107,no,no,no
35,student,single,primary,48072,no,yes,yes
37,admin,divorced,tertiary,39373,yes,no,no
21,services,married,primary,31699,no,no,no
26,management,single,tertiary,28991,no,no,no
58,student,married,tertiary,25421,yes,yes,no
49,management,married,primary,15172,no,no,no
18,student,married,tertiary,37774,yes,no,yes
56,student,divorced,tertiary,29973,yes,no,yes
20,technician,single,tertiary,20425,no,no,yes
61,management,single,primary,13533,no,yes,yes
61,admin,single,tertiary,7349,yes,no,yes
41,management,married,tertiary,22959,yes,yes,no
62,services,married,primary,27024,no,yes,yes
36,admin,married,primary,45846,yes,no,yes
65,services,single,secondary,37871,no,yes,no
63,admin,divorced,tertiary,20600,no,yes,yes
67,management,divorced,primary,1682,yes,yes,yes
54,admin,married,secondary,22659,no,yes,yes
26,services,married,primary,22459,no,yes,yes
34,services,married,tertiary,25492,no,no,yes
54,admin,married,tertiary,3733,no,no,no
27,management,divorced,primary,30651,no,yes,no
31,admin,married,secondary,23938,no,yes,no
68,technician,married,secondary,49919,no,no,no
41,management,single,primary,45965,yes,yes,no
67,admin,married,tertiary,33242,yes,yes,no
64,admin,divorced,primary,36256,yes,no,no
34,student,single,secondary,39934,no,yes,yes
36,services,married,tertiary,4060,no,yes,yes
18,student,divorced,secondary,5496,yes,no,no
67,technician,married,secondary,29479,no,yes,no
52,services,single,tertiary,19201,yes,no,no
28,services,divorced,primary,13934,no,yes,yes
37,management,single,tertiary,34580,yes,no,no
18,student,single,tertiary,11687,yes,yes,yes
63,admin,divorced,primary,37071,yes,yes,no
23,student,divorced,secondary,13724,no,yes,no
54,services,single,secondary,46903,no,no,no
26,services,married,secondary,11695,no,yes,no
54,admin,single,tertiary,42129,yes,yes,yes
34,admin,single,tertiary,9570,no,no,yes
69,services,divorced,primary,21199,no,no,no
48,services,married,primary,6340,yes,no,no
42,management,divorced,primary,13003,no,no,yes
51,technician,divorced,tertiary,26613,yes,yes,yes
42,admin,single,secondary,8010,yes,no,no
58,management,married,tertiary,43608,no,no,no
25,technician,married,secondary,1565,yes,no,yes
33,management,single,tertiary,44152,yes,yes,yes
27,technician,single,secondary,30696,yes,no,yes
27,student,divorced,primary,17701,no,no,no
43,technician,divorced,secondary,26636,no,no,yes
25,services,single,primary,20012,yes,yes,yes
40,services,single,tertiary,28527,yes,no,yes
45,services,divorced,tertiary,21772,yes,yes,yes
69,admin,single,primary,40395,yes,yes,yes
51,student,single,secondary,42689,no,yes,no
66,admin,single,primary,31538,no,yes,yes
44,admin,divorced,secondary,48717,yes,no,no
62,management,divorced,primary,32838,yes,yes,yes
69,services,divorced,tertiary,13828,yes,yes,no
50,services,single,tertiary,11889,yes,no,yes
36,management,married,secondary,19776,yes,no,no
27,services,divorced,tertiary,45258,yes,no,no
28,services,divorced,tertiary,1602,no,yes,no
23,services,single,tertiary,31741,no,yes,yes
34,services,married,primary,9749,yes,no,yes
21,management,married,secondary,31181,no,no,no
43,management,single,primary,12630,no,no,yes
26,technician,divorced,secondary,18101,yes,no,no
33,services,married,tertiary,38129,no,no,no
49,admin,single,primary,27643,no,yes,no
34,management,single,tertiary,44151,yes,yes,yes
20,services,single,secondary,48214,yes,yes,yes
45,management,divorced,primary,8340,no,no,no
54,admin,married,primary,13678,no,no,yes
24,management,divorced,primary,6627,yes,no,yes
40,services,divorced,secondary,39832,no,yes,yes
49,services,divorced,primary,12414,no,no,no
31,management,single,secondary,29542,no,yes,no
46,technician,married,primary,9012,no,no,no
19,student,single,secondary,35855,yes,yes,yes
51,services,divorced,secondary,22164,yes,yes,no
43,services,single,secondary,16800,no,no,yes
58,student,married,tertiary,7083,no,no,no
19,services,single,secondary,38771,no,yes,no
50,technician,married,tertiary,35505,yes,yes,no
19,technician,divorced,primary,34011,yes,yes,yes
42,student,single,tertiary,36330,yes,yes,no
70,management,single,secondary,27727,yes,no,no
33,management,married,tertiary,22980,yes,no,no
40,admin,single,secondary,26686,no,yes,yes
42,admin,single,tertiary,47791,yes,yes,yes
67,management,single,tertiary,34031,yes,no,no
43,technician,married,tertiary,42240,no,no,yes
24,technician,married,secondary,38274,no,yes,no
44,student,single,tertiary,49961,no,yes,yes
45,services,single,secondary,28646,yes,no,yes
36,management,single,primary,18176,yes,no,yes
41,admin,single,secondary,35517,no,no,no
34,services,single,secondary,3802,yes,no,yes
22,management,married,tertiary,36271,no,yes,yes
51,technician,divorced,primary,39525,no,yes,yes
70,technician,divorced,primary,42995,yes,yes,yes
59,services,married,primary,27623,no,no,no
26,technician,divorced,primary,42972,no,no,yes
62,technician,single,tertiary,47485,no,yes,yes
37,student,single,secondary,43757,yes,no,no
39,technician,single,primary,7436,no,no,no
41,admin,divorced,tertiary,16525,no,yes,no
33,technician,divorced,secondary,48120,no,no,yes
69,services,single,tertiary,40961,no,no,yes
31,technician,divorced,primary,4029,no,yes,no
61,management,divorced,secondary,28695,yes,yes,no
48,management,married,secondary,46036,no,yes,no
31,technician,divorced,tertiary,32734,no,no,no
24,student,divorced,primary,18551,no,yes,no
20,student,married,secondary,49315,yes,no,no
22,admin,married,tertiary,45767,no,no,yes
39,services,married,primary,47736,no,no,yes
48,technician,single,secondary,42999,no,no,yes
27,technician,divorced,secondary,35265,no,no,yes
60,technician,divorced,tertiary,5791,no,no,yes
63,management,single,secondary,29718,yes,yes,no
22,technician,married,secondary,6077,yes,yes,no
67,technician,divorced,primary,46228,no,yes,no
34,management,divorced,primary,21779,no,yes,yes
65,technician,married,tertiary,49339,yes,yes,no
43,admin,single,primary,45586,no,yes,yes
67,services,married,secondary,33947,yes,yes,yes
54,management,married,secondary,2563,yes,no,no
68,admin,married,tertiary,21162,yes,yes,no
49,management,married,tertiary,12931,no,yes,no
32,services,divorced,primary,10715,no,no,yes
49,technician,single,tertiary,13362,yes,no,yes
18,technician,married,tertiary,26606,no,no,no
27,student,married,tertiary,3726,yes,yes,no
31,admin,divorced,secondary,1237,yes,no,yes
54,admin,married,primary,37079,yes,no,no
29,technician,divorced,primary,2541,no,yes,no
20,student,single,primary,21863,no,no,no
28,student,married,tertiary,18183,no,yes,yes
70,technician,married,secondary,5387,no,yes,yes
50,admin,single,primary,10022,no,no,yes
41,technician,married,secondary,9062,no,no,no
30,services,divorced,tertiary,45899,no,no,no
60,services,married,primary,39220,no,no,no
